[
{
  "pk": 1, 
  "model": "popolo.person", 
  "fields": {
    "family_name": "", 
    "name": "Felipe", 
    "end_date": "", 
    "honorific_suffix": "", 
    "additional_name": "", 
    "gender": null, 
    "created_at": "2014-04-15T21:21:32.854Z", 
    "death_date": "", 
    "updated_at": "2014-04-15T21:21:32.860Z", 
    "start_date": "", 
    "honorific_prefix": "", 
    "email": "", 
    "sort_name": "", 
    "summary": "", 
    "given_name": "", 
    "image": "", 
    "birth_date": "", 
    "patronymic_name": "", 
    "slug": "felipe", 
    "biography": ""
  }
},
{
  "pk": 2, 
  "model": "popolo.person", 
  "fields": {
    "family_name": "", 
    "name": "Intendencia Regional de Valparaiso", 
    "end_date": "", 
    "honorific_suffix": "", 
    "additional_name": "", 
    "gender": null, 
    "created_at": "2014-04-16T14:00:18.396Z", 
    "death_date": "", 
    "updated_at": "2014-04-16T14:00:18.402Z", 
    "start_date": "", 
    "honorific_prefix": "", 
    "email": "", 
    "sort_name": "", 
    "summary": "", 
    "given_name": "", 
    "image": "", 
    "birth_date": "", 
    "patronymic_name": "", 
    "slug": "intendencia-regional-de-valparaiso", 
    "biography": ""
  }
},
{
  "pk": 3, 
  "model": "popolo.person", 
  "fields": {
    "family_name": "", 
    "name": "Michelle Bachelet", 
    "end_date": null, 
    "honorific_suffix": "", 
    "additional_name": "", 
    "gender": null, 
    "created_at": "2014-04-21T16:22:49.196Z", 
    "death_date": "", 
    "updated_at": "2014-04-21T16:22:49.202Z", 
    "start_date": null, 
    "honorific_prefix": "", 
    "email": null, 
    "sort_name": "", 
    "summary": "", 
    "given_name": "", 
    "image": null, 
    "birth_date": "", 
    "patronymic_name": "", 
    "slug": "michelle-bachelet", 
    "biography": ""
  }
},
{
  "pk": 36, 
  "model": "promises.category", 
  "fields": {
    "name": "Educaci\u00f3n", 
    "slug": "educacion"
  }
},
{
  "pk": 37, 
  "model": "promises.category", 
  "fields": {
    "name": "Salud", 
    "slug": "salud"
  }
},
{
  "pk": 38, 
  "model": "promises.category", 
  "fields": {
    "name": "Protecci\u00f3n Social", 
    "slug": "proteccion-social"
  }
},
{
  "pk": 39, 
  "model": "promises.category", 
  "fields": {
    "name": "Pensiones", 
    "slug": "pensiones"
  }
},
{
  "pk": 40, 
  "model": "promises.category", 
  "fields": {
    "name": "Trabajo", 
    "slug": "trabajo"
  }
},
{
  "pk": 41, 
  "model": "promises.category", 
  "fields": {
    "name": "Seguridad P\u00fablica", 
    "slug": "seguridad-publica"
  }
},
{
  "pk": 42, 
  "model": "promises.category", 
  "fields": {
    "name": "Descentralizaci\u00f3n", 
    "slug": "descentralizacion"
  }
},
{
  "pk": 43, 
  "model": "promises.category", 
  "fields": {
    "name": "Ciudad, Territorio y Reconstrucci\u00f3n", 
    "slug": "ciudad-territorio-y-reconstruccion"
  }
},
{
  "pk": 44, 
  "model": "promises.category", 
  "fields": {
    "name": "Medio Ambiente", 
    "slug": "medio-ambiente"
  }
},
{
  "pk": 45, 
  "model": "promises.category", 
  "fields": {
    "name": "Cultura", 
    "slug": "cultura"
  }
},
{
  "pk": 46, 
  "model": "promises.category", 
  "fields": {
    "name": "Deportes", 
    "slug": "deportes"
  }
},
{
  "pk": 47, 
  "model": "promises.category", 
  "fields": {
    "name": "Equidad de g\u00e9nero", 
    "slug": "equidad-de-genero"
  }
},
{
  "pk": 48, 
  "model": "promises.category", 
  "fields": {
    "name": "Pueblos Ind\u00edgenas", 
    "slug": "pueblos-indigenas"
  }
},
{
  "pk": 49, 
  "model": "promises.category", 
  "fields": {
    "name": "Agr\u00edcultura, recursos h\u00eddricos y pesca", 
    "slug": "agricultura-recursos-hidricos-y-pesca"
  }
},
{
  "pk": 50, 
  "model": "promises.category", 
  "fields": {
    "name": "Crecimiento", 
    "slug": "crecimiento"
  }
},
{
  "pk": 56, 
  "model": "promises.promise", 
  "fields": {
    "date": "2014-03-11", 
    "person": 3, 
    "category": 36, 
    "name": "Promesa 1", 
    "description": "Para que nuestros ni\u00f1os, ni\u00f1as y j\u00f3venes puedan desarrollar todos sus talentos, necesitamos una educaci\u00f3n de calidad, gratuita, sin segregaci\u00f3n y en que no se lucre con fondos p\u00fablicos. Para eso, enviaremos al Congreso el Proyecto de Ley para una Gran Reforma Educacional"
  }
},
{
  "pk": 57, 
  "model": "promises.promise", 
  "fields": {
    "date": "2014-03-11", 
    "person": 3, 
    "category": 36, 
    "name": "Promesa 2", 
    "description": "Nuestras ni\u00f1as y ni\u00f1os necesitan tener iguales oportunidades desde el inicio, porque esta es la etapa de la vida m\u00e1s importante para el desarrollo de las personas. Vamos a garantizar que 90 mil nuevos ni\u00f1os y ni\u00f1as reciban la estimulaci\u00f3n que necesitan desde el principio. Entregaremos el listado de las localidades donde se implementara\u0301n en 2014 las primeras 500, de un total de 4.500 nuevas salas cunas."
  }
},
{
  "pk": 58, 
  "model": "promises.promise", 
  "fields": {
    "date": "2014-03-11", 
    "person": 3, 
    "category": 36, 
    "name": "Promesa 3", 
    "description": "A los j\u00f3venes chilenos de sectores m\u00e1s vulnerables no solo les es muy dif\u00edcil entrar a la Educaci\u00f3n Superior, sino tambi\u00e9n mantenerse y terminar una carrera profesional. Por eso, iniciaremos un Programa para asegurar el acceso a la Educacio\u0301n Superior de los jo\u0301venes ma\u0301s vulnerables, con la Preparacio\u0301n y Apoyo a Jo\u0301venes, que partira\u0301 con alumnos de 3o medio que ingresara\u0301n a la universidad el 2016."
  }
},
{
  "pk": 59, 
  "model": "promises.promise", 
  "fields": {
    "date": "2014-03-11", 
    "person": 3, 
    "category": 36, 
    "name": "Promesa 4", 
    "description": "Para tener una educaci\u00f3n p\u00fablica de calidad, el Estado tiene que jug\u00e1rsela por las universidades estatales en todo el pa\u00eds. Enviaremos al Congreso el proyecto de ley que crea dos nuevas universidades pu\u0301blicas regionales en Ayse\u0301n y O\u2019Higgins, las que debera\u0301n comprometerse efectivamente con el desarrollo local."
  }
},
{
  "pk": 60, 
  "model": "promises.promise", 
  "fields": {
    "date": "2014-03-11", 
    "person": 3, 
    "category": 36, 
    "name": "Promesa 5", 
    "description": "Todos estamos de acuerdo que en Chile se necesita fomentar y prestigiar la educaci\u00f3n t\u00e9cnica y as\u00ed tener t\u00e9cnicos de primer nivel, tal como ocurre en los pa\u00edses desarrollados. Por eso, firmaremos los convenios que crean los 5 primeros Centros de Formacio\u0301n Te\u0301cnica pu\u0301blicos regionales que funcionara\u0301n al alero de universidades pu\u0301blicas locales. Este programa luego se ampliara\u0301 a todas las regiones del pai\u0301s."
  }
},
{
  "pk": 61, 
  "model": "promises.promise", 
  "fields": {
    "date": "2014-03-11", 
    "person": 3, 
    "category": 37, 
    "name": "Promesa 6", 
    "description": "Cuando alguien tiene una urgencia en la noche, los SAPUs est\u00e1n cerrados y las personas deben ir a las urgencias de hospitales u otros centros, que generalmente no quedan cerca de su casa y est\u00e1n congestionados. Definiremos las comunas y los centros de salud en que habilitaremos 132 Servicios de Atencio\u0301n Primaria de Urgencia de Alta Resolucio\u0301n (SAR) que construiremos entre 2014 y 2018, los que atendera\u0301n toda la noche y contara\u0301n con equipos de rayos, kit de laboratorio ba\u0301sico y acceso a telemedicina."
  }
},
{
  "pk": 62, 
  "model": "promises.promise", 
  "fields": {
    "date": "2014-03-11", 
    "person": 3, 
    "category": 37, 
    "name": "Promesa 7", 
    "description": "Cuando se tiene una enfermedad cr\u00f3nica, una parte importante del sueldo o la pensi\u00f3n, usualmente se gastan en los medicamentos. Por eso, iniciaremos la implementacio\u0301n del Fondo Nacional de Medicamentos, a trave\u0301s de la firma de los convenios con todas las municipalidades del pai\u0301s, que permitira\u0301 empezar la entrega de medicamentos en forma gratuita a los pacientes cro\u0301nicos que se atienden en los centros de salud primaria en el primer an\u0303o de Gobierno"
  }
},
{
  "pk": 63, 
  "model": "promises.promise", 
  "fields": {
    "date": "2014-03-11", 
    "person": 3, 
    "category": 37, 
    "name": "Promesa 8", 
    "description": "Uno de los problemas m\u00e1s importantes que uno tiene cuando va al sistema p\u00fablico es la falta de especialistas, y muchas veces debe esperar largo tiempo o termina pagando una consulta en el sistema privado. Asignaremos los recursos para que los Servicios de Salud puedan contratar 33.000 horas me\u0301dicas semanales adicionales de especialidades, que equivalen a la contratacio\u0301n de 750 me\u0301dicos especialistas."
  }
},
{
  "pk": 64, 
  "model": "promises.promise", 
  "fields": {
    "date": "2014-03-11", 
    "person": 3, 
    "category": 37, 
    "name": "Promesa 9", 
    "description": "Para que podamos tener m\u00e1s y mejores servicios de salud, hay que invertir fuertemente en infraestructura como hospitales y consultorios, as\u00ed como en equipamiento. Entregaremos el detalle del Plan Nacional de Inversiones Pu\u0301blicas en Salud para el peri\u0301odo 2014\u20132018, que contemplara\u0301 construir 20 hospitales, dejar 20 en construccio\u0301n y otros 20 en procesos de licitacio\u0301n o estudios."
  }
},
{
  "pk": 65, 
  "model": "promises.promise", 
  "fields": {
    "date": "2014-03-11", 
    "person": 3, 
    "category": 37, 
    "name": "Promesa 10", 
    "description": "No es justo que a una persona mayor o que tiene \u201criesgo\u201d de enfermarse, las ISAPRES le cobren mucho m\u00e1s caro o simplemente el sistema privado de salud lo expulse, entre otras injusticias. Por eso, convocaremos a un equipo de expertos con el mandato de redactar una propuesta de Proyecto de Ley de ISAPRES."
  }
},
{
  "pk": 66, 
  "model": "promises.promise", 
  "fields": {
    "date": "2014-03-11", 
    "person": 3, 
    "category": 38, 
    "name": "Promesa 11", 
    "description": "Porque para las familias chilenas marzo es siempre el mes m\u00e1s duro del a\u00f1o, ya que tenemos muchos gastos y el sueldo no alcanza, enviaremos al Congreso \u2013con discusio\u0301n inmediata- el proyecto de ley para pagar desde 2014 el Aporte Familiar Permanente de Marzo, que consistira\u0301 en un aporte de $40.000 por carga a dos millones de familias que son beneficiarias de subsidio familiar, asignacio\u0301n familiar o ingreso e\u0301tico familiar"
  }
},
{
  "pk": 67, 
  "model": "promises.promise", 
  "fields": {
    "date": "2014-03-11", 
    "person": 3, 
    "category": 38, 
    "name": "Promesa 12a", 
    "description": "Porque hay personas que perdieron beneficios sociales sin haber experimentado modificaciones relevantes a sus condiciones socioecon\u00f3micas, implementaremos cambios a la Ficha de Proteccio\u0301n Social buscando restablecer dichos beneficios. "
  }
},
{
  "pk": 68, 
  "model": "promises.promise", 
  "fields": {
    "date": "2014-03-11", 
    "person": 3, 
    "category": 38, 
    "name": "Promesa 12b", 
    "description": "Asi\u0301 tambie\u0301n restituiremos el Bono de Invierno a los adultos mayores que lo perdieron sin que su situacio\u0301n socioecono\u0301mica haya cambiado realmente"
  }
},
{
  "pk": 69, 
  "model": "promises.promise", 
  "fields": {
    "date": "2014-03-11", 
    "person": 3, 
    "category": 38, 
    "name": "Promesa 13", 
    "description": "En Chile, muchas veces las personas mayores requieren cuidados especiales o no son autovalentes. No siempre sus familias se hacen cargo de ese cuidado y no es justo que queden vulnerables o a su suerte. Definiremos la ubicacio\u0301n y el cronograma de construccio\u0301n y habilitacio\u0301n de 15 establecimientos que acogera\u0301n a los adultos mayores dependientes y que no disponen de cuidado familiar o en su entorno"
  }
},
{
  "pk": 70, 
  "model": "promises.promise", 
  "fields": {
    "date": "2014-03-11", 
    "person": 3, 
    "category": 38, 
    "name": "Promesa 14", 
    "description": "La protecci\u00f3n integral de los derechos de los ni\u00f1os y ni\u00f1as es una base fundamental para superar la desigualdad. Debemos situar al centro de nuestras poli\u0301ticas pu\u0301blicas la Infancia. Crearemos el Consejo Nacional de la Infancia que se encargara\u0301 de la coordinacio\u0301n de los organismos con competencia en materias relacionadas y asumira\u0301 la responsabilidad de impulsar la reforma normativa e institucional,"
  }
},
{
  "pk": 71, 
  "model": "promises.promise", 
  "fields": {
    "date": "2014-03-11", 
    "person": 3, 
    "category": 39, 
    "name": "Promesa 15", 
    "description": "Hay pensionados que perdieron el beneficio de una Pensi\u00f3n B\u00e1sica Solidaria (PBS) sin una raz\u00f3n aparente. A ellos les restituiremos el pago de la PBS si su situaci\u00f3n socioecon\u00f3mica no ha experimentado cambios."
  }
},
{
  "pk": 72, 
  "model": "promises.promise", 
  "fields": {
    "date": "2014-03-11", 
    "person": 3, 
    "category": 39, 
    "name": "Promesa 16", 
    "description": "En el mercado de las AFP debe haber mayor competencia en materia de comisiones y, adem\u00e1s estas instituciones no han mostrado gran inter\u00e9s en ciertos grupos de menores rentas, mujeres, trabajadores independientes o que trabajan lejos de las grandes ciudades. Por eso, enviaremos al Congreso el proyecto de ley que crea una AFP Estatal que promover\u00e1 la competencia y apoyar\u00e1 a estos grupos de personas."
  }
},
{
  "pk": 73, 
  "model": "promises.promise", 
  "fields": {
    "date": "2014-03-11", 
    "person": 3, 
    "category": 39, 
    "name": "Promesa 17", 
    "description": "Sin embargo, esto no es suficiente, en Chile existe consenso que es necesario revisar el sistema de pensiones, para asegurar que podamos aspirar a una vejez digna y a una adecuada protecci\u00f3n frente a la invalidez y sobrevivencia. Por ello, encargaremos un estudio sobre el Sistema de Pensiones a un equipo de expertos nacionales e internacionales, para que propongan alternativas de soluci\u00f3n frente a estos problemas."
  }
},
{
  "pk": 74, 
  "model": "promises.promise", 
  "fields": {
    "date": "2014-03-11", 
    "person": 3, 
    "category": 40, 
    "name": "Promesa 18", 
    "description": "Debemos perfeccionar y potenciar la negociaci\u00f3n colectiva y, de esta forma, la capacidad de los trabajadores para negociar mejores condiciones laborales y mejores salarios. Por ello impulsaremos una Agenda Laboral, cuya primera medida ser\u00e1 el env\u00edo al Congreso de una Indicaci\u00f3n al actual proyecto de Multirut, de modo de combatir con fuerza esta pr\u00e1ctica."
  }
},
{
  "pk": 75, 
  "model": "promises.promise", 
  "fields": {
    "date": "2014-03-11", 
    "person": 3, 
    "category": 40, 
    "name": "Promesa 19", 
    "description": "Las mujeres, sobre todo las que tienen menos recursos, muchas veces no pueden encontrar empleo porque no tienen capacitaci\u00f3n en un oficio. Por eso, entregaremos el plan de implementaci\u00f3n de un nuevo programa de Formaci\u00f3n y Capacitaci\u00f3n Laboral, que beneficiar\u00e1 a 300.000 mujeres con el objeto de aumentar la participaci\u00f3n laboral femenina en el mercado del trabajo."
  }
},
{
  "pk": 76, 
  "model": "promises.promise", 
  "fields": {
    "date": "2014-03-11", 
    "person": 3, 
    "category": 40, 
    "name": "Promesa 20", 
    "description": "A los j\u00f3venes vulnerables les cuesta m\u00e1s que a nadie encontrar empleo, porque no tienen experiencia ni formaci\u00f3n profesional. Es necesario mejorar su formaci\u00f3n y proveerlos de las competencias necesarias para ingresar al mundo del trabajo. Por ello, presentaremos detalladamente un plan de Capacitaci\u00f3n de Inserci\u00f3n Laboral y Educacional que beneficiar\u00e1 a 150.000 j\u00f3venes, incluyendo especialmente a j\u00f3venes en situaci\u00f3n de discapacidad."
  }
},
{
  "pk": 77, 
  "model": "promises.promise", 
  "fields": {
    "date": "2014-03-11", 
    "person": 3, 
    "category": 41, 
    "name": "Promesa 21", 
    "description": "Una de las formas de tener ciudades m\u00e1s seguras es aumentando la dotaci\u00f3n policial que pueda estar en las calles previniendo y, sobre todo, combatiendo el delito. Enviaremos al Congreso el Proyecto de Ley que nos permitir\u00e1 aumentar en 6.000 las plazas de Carabineros de Chile y 1.200 nuevos Polic\u00edas de Investigaciones, en el per\u00edodo de 4 a\u00f1os."
  }
},
{
  "pk": 78, 
  "model": "promises.promise", 
  "fields": {
    "date": "2014-03-11", 
    "person": 3, 
    "category": 41, 
    "name": "Promesa 22", 
    "description": "Para que los menores Infractores de Ley dejen de hacerlo,se requieren intervenciones que efectivamente logren hacer que este c\u00edrculo vicioso se detenga tempranamente. Anunciaremos 11 nuevas comunas que se sumar\u00e1n a las 14 actuales que est\u00e1n en el Programa 24 Horas de seguridad ciudadana, que da apoyo integral a estos j\u00f3venes en riesgo."
  }
},
{
  "pk": 79, 
  "model": "promises.promise", 
  "fields": {
    "date": "2014-03-11", 
    "person": 3, 
    "category": 42, 
    "name": "Promesa 23", 
    "description": "Necesitamos avanzar en cosas concretas que hagan que el centralismo disminuya en Chile en vez de seguir avanzando. Crearemos una Comisi\u00f3n Asesora Presidencial para que entregue medidas espec\u00edficas que fomenten el desarrollo regional, adem\u00e1s de definir los contenidos espec\u00edficos de las actividades a ser traspasadas a las autoridades e institucionalidad regional y un cronograma para el traspaso."
  }
},
{
  "pk": 80, 
  "model": "promises.promise", 
  "fields": {
    "date": "2014-03-11", 
    "person": 3, 
    "category": 42, 
    "name": "Promesa 24a", 
    "description": "Vivir en zonas extremas es a veces muy complejo. Debemos reconocer este esfuerzo y apoyar a quienes desarrollan su vida en esas \u00e1reas de nuestro territorio. Para eso, presentaremos el Plan Especial de Desarrollo de Zonas Extremas en Magallanes, Ays\u00e9n y Arica, que les dar\u00e1 un impulso potente de crecimiento y desarrollo. "
  }
},
{
  "pk": 81, 
  "model": "promises.promise", 
  "fields": {
    "date": "2014-03-11", 
    "person": 3, 
    "category": 42, 
    "name": "Promesa 24b", 
    "description": "Adem\u00e1s, hay zonas del pa\u00eds que se encuentran rezagadas respecto del desarrollo del resto y que requieren apoyo para surgir. Para eso, presentaremos un Plan de Desarrollo para Territorios Rezagados, que requier\u00e1n impulso en materia de pobreza, desempleo, infraestructura p\u00fablica, conectividad y capacidades productivas de esas zonas."
  }
},
{
  "pk": 82, 
  "model": "promises.promise", 
  "fields": {
    "date": "2014-03-11", 
    "person": 3, 
    "category": 42, 
    "name": "Promesa 25", 
    "description": "Los habitantes de Concepci\u00f3n, Valpara\u00edso y Antofagasta,entre otras regiones, esperan tener un sistema de transporte moderno e integrado. Iniciaremos los Estudios para dotar al gran Concepci\u00f3n y Antofagasta de soluciones de conectividad de alto est\u00e1ndar, que evaluar\u00e1 la implementaci\u00f3n de tranv\u00edas y corredores de buses, y en Valpara\u00edso la integraci\u00f3n entre ascensores, trolebuses y Merval. Asimismo, se incorporar\u00e1n propuestas para dar soluci\u00f3n de corto plazo a las situaciones de congesti\u00f3n severa que hoy registran estas ciudades, en especial, en el gran Concepci\u00f3n."
  }
},
{
  "pk": 83, 
  "model": "promises.promise", 
  "fields": {
    "date": "2014-03-11", 
    "person": 3, 
    "category": 43, 
    "name": "Promesa 26", 
    "description": "Hay muchas zonas en las ciudades de Chile en que no existe un parque, faltan plazas y no hay suficientes \u00e1reas verdes. Anunciaremos las 30 comunas en que implementaremos un plan de construcci\u00f3n de parques y \u00e1reas verdes que representar\u00e1 un aporte significativo a la calidad de vida de las familias chilenas."
  }
},
{
  "pk": 84, 
  "model": "promises.promise", 
  "fields": {
    "date": "2014-03-11", 
    "person": 3, 
    "category": 43, 
    "name": "Promesa 27a", 
    "description": "Toda familia merece vivir en un barrio amable, con espacios p\u00fablicos bien acondicionados, con lugares para el encuentro, el deporte y la recreaci\u00f3n. Por eso, definiremos y anunciaremos los 200 nuevos barrios que participar\u00e1n de la segunda parte del programa \u201cQuiero mi Barrio\u201d."
  }
},
{
  "pk": 85, 
  "model": "promises.promise", 
  "fields": {
    "date": "2014-03-11", 
    "person": 3, 
    "category": 43, 
    "name": "Promesa 27b", 
    "description": "Adem\u00e1s, dictaremos un Reglamento para el desarrollo de una pol\u00edtica p\u00fablica de control reproductivo de animales de compa\u00f1\u00eda"
  }
},
{
  "pk": 86, 
  "model": "promises.promise", 
  "fields": {
    "date": "2014-03-11", 
    "person": 3, 
    "category": 43, 
    "name": "Promesa 27c", 
    "description": "Realizaremos la primera campa\u00f1a comunicacional de educaci\u00f3n para la tenencia responsable de animales dando inicio a un Plan sistem\u00e1tico, extensivo y nacional de Esterilizaci\u00f3n Masiva de Animales de Compa\u00f1\u00eda."
  }
},
{
  "pk": 87, 
  "model": "promises.promise", 
  "fields": {
    "date": "2014-03-11", 
    "person": 3, 
    "category": 43, 
    "name": "Promesa 28", 
    "description": "Es impresionante el aumento de uso de bicicletas en las ciudades, sin embargo, su uso actualmente esta\u0301 lleno de riesgos. Por eso, entregaremos los detalles del Plan de Ciclovi\u0301as que construiremos, el que permitira\u0301 a los chilenos y chilenas contar con 100 kilo\u0301metros ma\u0301s de ciclovi\u0301as de alto esta\u0301ndar, y triplicar la capacidad de estacionamientos para combinar el uso de la bicicleta con otros medios de transporte pu\u0301blico, como Metro, Merval o el Bio Tren."
  }
},
{
  "pk": 88, 
  "model": "promises.promise", 
  "fields": {
    "date": "2014-03-11", 
    "person": 3, 
    "category": 43, 
    "name": "Promesa 29a", 
    "description": "Una necesidad que manifiestan los vecinos de Quilicura, El Bosque y San Bernando es que el Metro llegue hasta sus comunas, porque todos sabemos lo importante que es para uno cuando el Metro llega cerca de nuestra casa. Para ello, se iniciara\u0301n los Estudios de Factibilidad en la empresa METRO, que considere la ampliacio\u0301n de la li\u0301nea 3 hacia Quilicura y la li\u0301nea 2 hacia El Bosque y San Bernardo. "
  }
},
{
  "pk": 89, 
  "model": "promises.promise", 
  "fields": {
    "date": "2014-03-11", 
    "person": 3, 
    "category": 43, 
    "name": "Promesa 29b", 
    "description": "Adicionalmente, iniciaremos estudios de desarrollo urbano y conectividad que permitan descongestionar zonas altamente saturadas, como por ejemplo La Florida, Puente Alto, Huechurababa, Talagante y Melipilla"
  }
},
{
  "pk": 90, 
  "model": "promises.promise", 
  "fields": {
    "date": "2014-03-11", 
    "person": 3, 
    "category": 43, 
    "name": "Promesa 30", 
    "description": "En el proceso de reconstruccio\u0301n ha habido avances importantes, pero es claro que hay cosas que faltan por hacer y de las que hay que hacerse cargo. Realizaremos un diagno\u0301stico del estado de la reconstruccio\u0301n en las diversas zonas que han sido afectadas por desastres naturales, que permita generar un plan de accio\u0301n. Y tambie\u0301n nombraremos un delegado presidencial para la reconstruccio\u0301n, que tenga a cargo llevar a cabo este plan"
  }
},
{
  "pk": 91, 
  "model": "promises.promise", 
  "fields": {
    "date": "2014-03-11", 
    "person": 3, 
    "category": 44, 
    "name": "Promesa 31", 
    "description": "El crecimiento de Chile y el desarrollo de algunos negocios no puede ser a costa de nuestra biodiversidad. Por eso, enviaremos al Congreso el proyecto de ley que crea el Servicio de Biodiversidad y A\u0301reas Protegidas, que permitira\u0301 ampliar el cuidado de la biodiversidad ma\u0301s alla\u0301 de las a\u0301reas protegidas"
  }
},
{
  "pk": 92, 
  "model": "promises.promise", 
  "fields": {
    "date": "2014-03-11", 
    "person": 3, 
    "category": 44, 
    "name": "Promesa 32", 
    "description": "Uno de los problemas que enfrentan cada vez ma\u0301s ciudades en Chile es la contaminacio\u0301n ambiental. Necesitamos enfrentarla de una vez con planes que efectivamente contribuyan a disminuirla. Para eso, estableceremos planes de descontaminacio\u0301n para las ciudades que presenten las situaciones ma\u0301s cri\u0301ticas"
  }
},
{
  "pk": 93, 
  "model": "promises.promise", 
  "fields": {
    "date": "2014-03-11", 
    "person": 3, 
    "category": 45, 
    "name": "Promesa 33", 
    "description": "La cultura es parte del alma de un pai\u0301s, y requiere ser apoyada y tratada como se merece para promoverla, fomentar su desarrollo, y por sobre todo, aumentar el acceso de todos los chilenos y chilenas a las actividades arti\u0301sticas. Por ello, presentaremos al Congreso el proyecto de ley que crea el Ministerio de Cultura y Patrimonio"
  }
},
{
  "pk": 94, 
  "model": "promises.promise", 
  "fields": {
    "date": "2014-03-11", 
    "person": 3, 
    "category": 45, 
    "name": "Promesa 34", 
    "description": "En Chile existen muchos jo\u0301venes con talento arti\u0301stico que no tienen espacio para desarrollar sus condiciones. Para ello, definiremos la ubicacio\u0301n de 15 centros de desarrollo arti\u0301stico para jo\u0301venes talentosos que construiremos, y el plan de trabajo en su implementacio\u0301n. Estos se sumara\u0301n a los 5 que hoy existen y que conformara\u0301n la Red Nacional de Centros de Servicios Culturales para Jo\u0301venes"
  }
},
{
  "pk": 95, 
  "model": "promises.promise", 
  "fields": {
    "date": "2014-03-11", 
    "person": 3, 
    "category": 45, 
    "name": "Promesa 35", 
    "description": "Cuando caminamos por las ciudades de Chile muchas veces vemos con dolor co\u0301mo edificios tan importantes, como los mercados, casonas y otros, se esta\u0301n deteriorando. Comenzaremos la puesta en marcha de un programa de recuperacio\u0301n regional de infraestructura patrimonial emblema\u0301tica en 4 regiones"
  }
},
{
  "pk": 96, 
  "model": "promises.promise", 
  "fields": {
    "date": "2014-03-11", 
    "person": 3, 
    "category": 46, 
    "name": "Promesa 36", 
    "description": "En las comunas hay pocos espacios donde practicar deporte, y cuando los hay no siempre cuentan con el equipamiento y los monitores. Estableceremos la ubicacio\u0301n de los 30 nuevos Centros Deportivos que construiremos durante el Gobierno. Sera\u0301n gimnasios u otros centros ma\u0301s grandes para la pra\u0301ctica de diferentes deportes"
  }
},
{
  "pk": 97, 
  "model": "promises.promise", 
  "fields": {
    "date": "2014-03-11", 
    "person": 3, 
    "category": 46, 
    "name": "Promesa 37", 
    "description": "En general los nin\u0303os tienen pocas instancias en que puedan desarrollar diversos deportes adema\u0301s del fu\u0301tbol. Por eso, definiremos el plan de implementacio\u0301n para la reposicio\u0301n del programa de las escuelas deportivas, que en esta oportunidad contemplara\u0301 varias disciplinas (fu\u0301tbol, voleibol, basquetbol, etc.) y en las que participara\u0301n so\u0301lo en el primer an\u0303o 30.000 nin\u0303os y nin\u0303as"
  }
},
{
  "pk": 98, 
  "model": "promises.promise", 
  "fields": {
    "date": "2014-03-11", 
    "person": 3, 
    "category": 47, 
    "name": "Promesa 38", 
    "description": "Necesitamos avanzar ma\u0301s en que las mujeres tengan efectivamente las mismas oportunidades que los hombres, por lo que se requiere dar un nuevo impulso a poli\u0301ticas e iniciativas que contribuyan efectivamente a eso. Para ello, enviaremos al Congreso el proyecto de ley que crea el Ministerio de la Mujer"
  }
},
{
  "pk": 99, 
  "model": "promises.promise", 
  "fields": {
    "date": "2014-03-11", 
    "person": 3, 
    "category": 47, 
    "name": "Promesa 39", 
    "description": "En Chile hay mujeres que sufren violencia grave, y quedan ellas y sus hijos e hijas en una situacio\u0301n de alta vulnerabilidad si permanecen en sus casas. Por eso, detallaremos do\u0301nde se implementara\u0301n las 24 nuevas casas de acogida, que duplicara\u0301n el nu\u0301mero actual"
  }
},
{
  "pk": 100, 
  "model": "promises.promise", 
  "fields": {
    "date": "2014-03-11", 
    "person": 3, 
    "category": 47, 
    "name": "Promesa 40", 
    "description": "Cuando una mujer busca trabajo, la falta de piezas dentales le dificultan mucho el obtener un empleo, adema\u0301s de afectar su autoestima. Pondremos en marcha el programa Ma\u0301s Sonrisas para Chile, que atendera\u0301 a 400.000 mujeres, permitiendo la recuperacio\u0301n integral de su salud bucal"
  }
},
{
  "pk": 101, 
  "model": "promises.promise", 
  "fields": {
    "date": "2014-03-11", 
    "person": 3, 
    "category": 48, 
    "name": "Promesa 41", 
    "description": "Los asuntos indi\u0301genas (promocio\u0301n, defensa) han estado siempre a cargo de una institucio\u0301n que es una Corporacio\u0301n dependiente de un Ministerio, lo cual resta fuerza a su accionar. Necesitamos darle un estatus diferente a temas tan importantes para Chile como estos. Por eso, enviaremos un proyecto de ley, con discusio\u0301n inmediata, que confiere el rango de Ministro de Asuntos Indi\u0301genas al director de la CONADI"
  }
},
{
  "pk": 102, 
  "model": "promises.promise", 
  "fields": {
    "date": "2014-03-11", 
    "person": 3, 
    "category": 48, 
    "name": "Promesa 42a", 
    "description": "Darle estatus de Ministro al director de la CONADI es so\u0301lo un paso. Para que tenga ma\u0301s fuerza esta institucio\u0301n debe ser efectivamente un Ministerio, con todas sus atribuciones y responsabilidades. Por eso, enviaremos al Congreso el proyecto de ley que crea el Ministerio de Asuntos Indi\u0301genas, que sera\u0301 el encargado de colaborar con el Presidente de la Repu\u0301blica en la definicio\u0301n de una poli\u0301tica indi\u0301gena para Chile. "
  }
},
{
  "pk": 103, 
  "model": "promises.promise", 
  "fields": {
    "date": "2014-03-11", 
    "person": 3, 
    "category": 48, 
    "name": "Promesa 42b", 
    "description": "Junto a ello, enviaremos al Congreso el proyecto de ley que crea el Consejo de Pueblos Indi\u0301genas, auto\u0301nomo y representativo de los diversos pueblos que existen en Chile"
  }
},
{
  "pk": 104, 
  "model": "promises.promise", 
  "fields": {
    "date": "2014-03-11", 
    "person": 3, 
    "category": 48, 
    "name": "Promesa 43", 
    "description": "Mejores instituciones son una parte del nuevo trato que debemos dar a los pueblos indi\u0301genas. Por eso, tambie\u0301n anunciaremos una Agenda para el Desarrollo de los Pueblos Originarios que incorporara\u0301, entre otras, las a\u0301reas de educacio\u0301n, salud, tierras y desarrollo productivo"
  }
},
{
  "pk": 105, 
  "model": "promises.promise", 
  "fields": {
    "date": "2014-03-11", 
    "person": 3, 
    "category": 49, 
    "name": "Promesa 44", 
    "description": "En Chile hay muchos deudores de INDAP que son pequen\u0303os agricultores que han sufrido producto de sequi\u0301as, inundaciones y heladas, y que los ha hecho atrasarse en el pago de sus deudas. Por eso, revisaremos la situacio\u0301n de los deudores INDAP y exploraremos li\u0301neas de apoyo destinadas a quienes se encuentren en situacio\u0301n de vulnerabilidad"
  }
},
{
  "pk": 106, 
  "model": "promises.promise", 
  "fields": {
    "date": "2014-03-11", 
    "person": 3, 
    "category": 49, 
    "name": "Promesa 45", 
    "description": "Los nuevos desafi\u0301os en materia de recursos hi\u0301dricos demandan una especial atencio\u0301n del Estado. Nombraremos un Delegado Presidencial para los Recursos Hi\u0301dricos, con dedicacio\u0301n exclusiva, a fin de identificar y avanzar en soluciones a la escasez de agua en el pai\u0301s"
  }
},
{
  "pk": 107, 
  "model": "promises.promise", 
  "fields": {
    "date": "2014-03-11", 
    "person": 3, 
    "category": 49, 
    "name": "Promesa 46", 
    "description": "Los pescadores artesanales desarrollan una labor tradicional en nuestras costas. Ellos requieren apoyo en los a\u0301mbitos social y productivo para desarrollarse, especialmente, frente a las desiguales condiciones que tienen con la pesca industrial. Por eso, duplicaremos los recursos del Fondo de Fomento para la Pesca Artesanal, para darles soporte en infraestructura, capacitacio\u0301n, repoblamiento de recursos y comercializacio\u0301n"
  }
},
{
  "pk": 108, 
  "model": "promises.promise", 
  "fields": {
    "date": "2014-03-11", 
    "person": 3, 
    "category": 50, 
    "name": "Promesa 47", 
    "description": "Porque nuestra economi\u0301a ha perdido competitividad, dinamismo y sigue basada en la explotacio\u0301n de materias primas, entregaremos la Agenda de Productividad, Innovacio\u0301n y Crecimiento Econo\u0301mico que se pondra\u0301 en marcha a contar de 2014 y que busca que Chile tenga una economi\u0301a realmente moderna y dina\u0301mica"
  }
},
{
  "pk": 109, 
  "model": "promises.promise", 
  "fields": {
    "date": "2014-03-11", 
    "person": 3, 
    "category": 50, 
    "name": "Promesa 48", 
    "description": "Sabemos que tenemos un de\u0301ficit de energi\u0301a importante en Chile y que si no actuamos con medidas urgentes y tambie\u0301n de largo plazo, nuestra economi\u0301a podri\u0301a verse seriamente afectada. Entregaremos el detalle de la Agenda de Energi\u0301a que se pondra\u0301 en marcha a contar de 2014, que compatibilizara\u0301 las necesidades de produccio\u0301n y el respeto al medioambiente"
  }
},
{
  "pk": 110, 
  "model": "promises.promise", 
  "fields": {
    "date": "2014-03-11", 
    "person": 3, 
    "category": 50, 
    "name": "Promesa 49", 
    "description": "Porque los consumidores queremos sentir que si alguien trata de abusar de nuestros derechos el Estado tendra\u0301 las atribuciones para protegernos, es que enviaremos al Congreso el proyecto de ley del Fortalecimiento del SERNAC que permitira\u0301 que tenga atribuciones reales y efectivas para defender los derechos de los consumidores"
  }
},
{
  "pk": 111, 
  "model": "promises.promise", 
  "fields": {
    "date": "2014-03-11", 
    "person": 3, 
    "category": 50, 
    "name": "Promesa 50", 
    "description": "Necesitamos hacer realidad y financiar las grandes transformaciones propuestas en Educacio\u0301n, cubrir el De\u0301ficit Estructural heredado en las Finanzas Pu\u0301blicas y atender otras prioridades de la proteccio\u0301n social, como la Salud y las Pensiones. Por ello, enviaremos al Congreso el Proyecto de Ley de Reforma Tributaria, que nos permitira\u0301 alcanzar todas estas metas"
  }
},
{
  "pk": 3, 
  "model": "promises.informationsource", 
  "fields": {
    "url": "http://radio.uchile.cl/2014/03/31/ministro-eyzaguirre-se-re%C3%BAne-con-oposici%C3%B3n-por-reforma-educacional", 
    "date": "2014-03-31", 
    "display_name": "Radio U Chile", 
    "promise": 56
  }
},
{
  "pk": 4, 
  "model": "promises.informationsource", 
  "fields": {
    "url": "http://www.lanacion.cl/noticias/pais/educacion/alcaldes-se-reunen-este-sabado-a-debatir-sobre-reforma-educacional/2014-04-04/112359.html", 
    "date": "2014-04-04", 
    "display_name": "La Naci\u00f3n", 
    "promise": 56
  }
},
{
  "pk": 5, 
  "model": "promises.informationsource", 
  "fields": {
    "url": "http://www.latercera.com/noticia/nacional/2014/04/680-573549-9-reforma-educacional-las-dudas-que-persisten-tras-las-reuniones-de-eyzaguirre-con.shtml", 
    "date": "2014-04-11", 
    "display_name": "La Tercera", 
    "promise": 56
  }
},
{
  "pk": 6, 
  "model": "promises.informationsource", 
  "fields": {
    "url": "http://www.lanacion.cl/noticias/pais/educacion/beyer-y-atria-desmenuzaron-la-reforma-educacional/2014-04-15/193929.html", 
    "date": "2014-04-15", 
    "display_name": "La Naci\u00f3n", 
    "promise": 56
  }
},
{
  "pk": 7, 
  "model": "promises.informationsource", 
  "fields": {
    "url": "http://www.13.cl/t13/nacional/bachelet-firma-decreto-para-aumentar-en-6-mil-las-plazas-de-carabineros", 
    "date": "2014-04-25", 
    "display_name": "Canal 13", 
    "promise": 77
  }
},
{
  "pk": 8, 
  "model": "promises.informationsource", 
  "fields": {
    "url": "http://www.diarioelregional.cl/2014/03/18/intendenta-utreras-recibe-respaldo-de-carabineros-e-investigaciones-para-plan-de-seguridad-del-gobierno/", 
    "date": "2014-03-18", 
    "display_name": "Diario Regional", 
    "promise": 77
  }
},
{
  "pk": 9, 
  "model": "promises.informationsource", 
  "fields": {
    "url": "http://www.24horas.cl/politica/bono-marzo-ya-es-ley-bachelet-firmo-aporte-familiar-permanente-1140355", 
    "date": "2014-03-21", 
    "display_name": "24 Horas", 
    "promise": 66
  }
},
{
  "pk": 10, 
  "model": "promises.informationsource", 
  "fields": {
    "url": "http://mexico.servidornoticias.com/187_america/2462794_el-senado-chileno-aprueba-por-unanimidad-un-bono-marzo-para-las-familias-vulnerables.html", 
    "date": "2014-03-19", 
    "display_name": "Agencia EFE", 
    "promise": 66
  }
},
{
  "pk": 11, 
  "model": "promises.informationsource", 
  "fields": {
    "url": "http://www.latercera.com/noticia/politica/2014/04/674-575267-9-bachelet-lanza-medida-22-agregan-nuevas-comunas-para-programa-24-horas-de.shtml", 
    "date": "2014-04-24", 
    "display_name": "La Tercera", 
    "promise": 78
  }
},
{
  "pk": 12, 
  "model": "promises.informationsource", 
  "fields": {
    "url": "http://www.biobiochile.cl/2014/03/31/fichas-de-proteccion-social-permaneceran-congeladas-hasta-que-bachelet-decida-curso-a-seguir.shtml", 
    "date": "2014-03-31", 
    "display_name": "Radio Bio Bio", 
    "promise": 67
  }
},
{
  "pk": 13, 
  "model": "promises.informationsource", 
  "fields": {
    "url": "http://www.pulso.cl/noticia/economia/economia/2014/04/7-41880-9-cambios-a-ficha-de-proteccion-social-se-anunciarian-el-21-de-mayo-y-modificaria.shtml", 
    "date": "2014-04-16", 
    "display_name": "Pulso", 
    "promise": 67
  }
},
{
  "pk": 14, 
  "model": "promises.informationsource", 
  "fields": {
    "url": "http://www.latercera.com/noticia/politica/2014/04/674-572939-9-presidenta-bachelet-establece-la-comision-asesora-para-la-descentralizacion-y.shtml", 
    "date": "2014-04-07", 
    "display_name": "La Tercera", 
    "promise": 79
  }
},
{
  "pk": 15, 
  "model": "promises.informationsource", 
  "fields": {
    "url": "http://www.elboyaldia.cl/noticia/politica/patricio-vergara-director-del-ciptar-es-parte-de-la-comision-para-la-descentralizac", 
    "date": "2014-04-09", 
    "display_name": "El Boyald\u00eda", 
    "promise": 79
  }
},
{
  "pk": 16, 
  "model": "promises.informationsource", 
  "fields": {
    "url": "http://diariolongino.cl/?p=1502", 
    "date": "2014-03-19", 
    "display_name": "Diario Longino", 
    "promise": 57
  }
},
{
  "pk": 17, 
  "model": "promises.informationsource", 
  "fields": {
    "url": "http://www.gorearicayparinacota.cl/w2/index.php/2014/03/25/gobierno-inicia-dialogos-comunitarios-para-elaborar-plan-especial-de-zonas-extremas-comprometido-por-presidenta-bachelet/", 
    "date": "2014-03-25", 
    "display_name": "Gobierno Regional de Arica y Parinacota", 
    "promise": 80
  }
},
{
  "pk": 18, 
  "model": "promises.informationsource", 
  "fields": {
    "url": "http://www.24horas.cl/nacional/bono-invierno-el-otro-beneficio-que-puedes-recibir-1140542", 
    "date": "2014-03-24", 
    "display_name": "24 Horas", 
    "promise": 68
  }
},
{
  "pk": 19, 
  "model": "promises.informationsource", 
  "fields": {
    "url": "http://www.diarioladiscusion.cl/index.php/opinion/opinion1561100476/editorial1376308275/34394-plan-para-zonas-rezagadas", 
    "date": "2014-03-23", 
    "display_name": "Diario La Discusi\u00f3n", 
    "promise": 81
  }
},
{
  "pk": 20, 
  "model": "promises.informationsource", 
  "fields": {
    "url": "http://www.lanacion.cl/noticias/pais/vivienda/ministra-saball-terremoto-no-retrasara-compromisos-de-vivienda/2014-04-09/155423.html", 
    "date": "2014-04-09", 
    "display_name": "La Naci\u00f3n", 
    "promise": 83
  }
},
{
  "pk": 21, 
  "model": "promises.informationsource", 
  "fields": {
    "url": "http://michellebachelet.cl/michelle-bachelet-anuncia-red-publica-de-establecimientos-para-atender-adultos-mayores-con-dependencia-y-en-saituacion-de-abandono/", 
    "date": "2013-09-01", 
    "display_name": "MichelleBachelet.cl", 
    "promise": 69
  }
},
{
  "pk": 22, 
  "model": "promises.informationsource", 
  "fields": {
    "url": "http://www.surlink.cl/index.php/breves/17616-arranca-quiero-mi-barrio-2014", 
    "date": "2014-04-17", 
    "display_name": "Sur Link", 
    "promise": 84
  }
},
{
  "pk": 23, 
  "model": "promises.informationsource", 
  "fields": {
    "url": "http://www.emol.com/noticias/nacional/2014/03/14/649763/presidenta-bachelet-firma-el-decreto-que-crea-el-consejo-nacional-de-la-infancia.html", 
    "date": "2014-03-14", 
    "display_name": "Emol", 
    "promise": 70
  }
},
{
  "pk": 24, 
  "model": "promises.informationsource", 
  "fields": {
    "url": "http://diarioeldia.cl/articulo/social/amplia-convocatoria-realizan-primer-dialogo-sobre-tenencia-responsable-mascotas", 
    "date": "2014-04-22", 
    "display_name": "Diario El D\u00eda", 
    "promise": 85
  }
},
{
  "pk": 25, 
  "model": "promises.informationsource", 
  "fields": {
    "url": "http://radio.uchile.cl/2014/04/06/apuntan-a-deuda-en-politicas-publicas-para-la-infancia", 
    "date": "2014-04-06", 
    "display_name": "Radio UChile", 
    "promise": 70
  }
},
{
  "pk": 26, 
  "model": "promises.informationsource", 
  "fields": {
    "url": "http://www.aricahoy.cl/2014/03/bachelet-y-la-educacion/", 
    "date": "2014-04-12", 
    "display_name": "Arica Hoy", 
    "promise": 58
  }
},
{
  "pk": 27, 
  "model": "promises.informationsource", 
  "fields": {
    "url": "http://www.latercera.com/noticia/negocios/2014/03/655-569685-9-el-libro-blanco-de-las-pensiones-que-pinera-le-heredo-a-bachelet.shtml", 
    "date": "2014-03-16", 
    "display_name": "La Tercera", 
    "promise": 71
  }
},
{
  "pk": 28, 
  "model": "promises.informationsource", 
  "fields": {
    "url": "http://www.latercera.com/noticia/nacional/2014/03/680-569445-9-expertos-analizan-extensiones-de-lineas-de-metro-que-evalua-ministerio-de.shtml", 
    "date": "2014-04-14", 
    "display_name": "La Tercera", 
    "promise": 88
  }
},
{
  "pk": 29, 
  "model": "promises.informationsource", 
  "fields": {
    "url": "http://www.biobiochile.cl/2014/04/22/michelle-bachelet-anuncio-que-formalizara-compromiso-de-afp-estatal-para-el-pais.shtml?utm_source=feedburner&utm_medium=feed&utm_campaign=Feed%3A+radiobiobio+(Bio-", 
    "date": "2014-04-22", 
    "display_name": "Radio Bio Bio", 
    "promise": 72
  }
},
{
  "pk": 30, 
  "model": "promises.informationsource", 
  "fields": {
    "url": "http://www.latercera.com/noticia/politica/2014/03/674-570218-9-bachelet-nombra-a-paula-forttes-como-delegada-presidencial-para-la.shtml", 
    "date": "2014-04-19", 
    "display_name": "La Tercera", 
    "promise": 90
  }
},
{
  "pk": 31, 
  "model": "promises.informationsource", 
  "fields": {
    "url": "http://www.latercera.com/noticia/negocios/2014/04/655-573497-9-proximo-21-de-abril-gobierno-anuncia-comision-de-expertos-en-pensiones.shtml", 
    "date": "2014-04-11", 
    "display_name": "La Tercera", 
    "promise": 73
  }
},
{
  "pk": 32, 
  "model": "promises.informationsource", 
  "fields": {
    "url": "http://www.emol.com/noticias/nacional/2013/10/07/623300/bachelet-promete-afp-estatal-para-los-primeros-100-dias-de-su-eventual-gobierno.html", 
    "date": "2014-04-10", 
    "display_name": "EMOL", 
    "promise": 63
  }
},
{
  "pk": 33, 
  "model": "promises.informationsource", 
  "fields": {
    "url": "http://www.latercera.com/noticia/negocios/2014/04/655-573294-9-titular-del-trabajo-ratifica-cumplimiento-de-compromisos-para-los-primeros-100.shtml", 
    "date": "2014-04-09", 
    "display_name": "La Tercera", 
    "promise": 74
  }
},
{
  "pk": 34, 
  "model": "promises.informationsource", 
  "fields": {
    "url": "http://www.eldinamo.cl/2014/04/22/7-dudas-que-despierta-el-proyecto-del-gobierno-para-regular-el-multirut/", 
    "date": "2014-04-22", 
    "display_name": "El Dinamo", 
    "promise": 74
  }
},
{
  "pk": 35, 
  "model": "promises.informationsource", 
  "fields": {
    "url": "http://www.prensapresidencia.cl/default.aspx?codigo=12583", 
    "date": "2014-04-14", 
    "display_name": "Prensa Presidencia", 
    "promise": 65
  }
},
{
  "pk": 36, 
  "model": "promises.informationsource", 
  "fields": {
    "url": "http://www.lanacion.cl/noticias/pais/salud/bachelet-crea-comision-para-establecer-nuevo-marco-juridico-de-las-isapres/2014-04-14/155803.html", 
    "date": "2014-04-14", 
    "display_name": "La Naci\u00f3n", 
    "promise": 65
  }
},
{
  "pk": 37, 
  "model": "promises.informationsource", 
  "fields": {
    "url": "http://www.australosorno.cl/impresa/2014/04/15/full/13/", 
    "date": "2014-04-15", 
    "display_name": "Austral Osorno", 
    "promise": 65
  }
},
{
  "pk": 38, 
  "model": "promises.informationsource", 
  "fields": {
    "url": "http://sindical.cl/2013/10/las-propuestas-laborales-de-michelle-bachelet-en-caso-de-ser-electa/", 
    "date": "2013-10-07", 
    "display_name": "Sindical", 
    "promise": 75
  }
},
{
  "pk": 39, 
  "model": "promises.informationsource", 
  "fields": {
    "url": "http://www.eldinamo.cl/blog/servicio-de-biodiversidad-y-areas-protegidas-una-de-las-50-medidas-para-los-primeros-100-dias-de-bachelet/", 
    "date": "2014-04-11", 
    "display_name": "El Dinamo", 
    "promise": 91
  }
},
{
  "pk": 40, 
  "model": "promises.informationsource", 
  "fields": {
    "url": "http://www.diariolibertador.com/?q=noticia&id=9101", 
    "date": "2014-03-16", 
    "display_name": "Diario Libertador", 
    "promise": 76
  }
},
{
  "pk": 41, 
  "model": "promises.informationsource", 
  "fields": {
    "url": "http://www.lanacion.cl/noticias/pais/cultura/bachelet-anuncia-ministerio-de-cultura-y-retoma-construccion-de-teatro-en-el-gam/2014-03-17/172451.html", 
    "date": "2014-03-17", 
    "display_name": "La Naci\u00f3n", 
    "promise": 93
  }
},
{
  "pk": 42, 
  "model": "promises.informationsource", 
  "fields": {
    "url": "http://www.biobiochile.cl/2014/04/12/consejo-de-la-cultura-lanza-inedita-consulta-ciudadana-para-definir-el-futuro-del-ministerio-de-cult.shtml", 
    "date": "2014-04-12", 
    "display_name": "B\u00edo B\u00edo", 
    "promise": 93
  }
},
{
  "pk": 43, 
  "model": "promises.informationsource", 
  "fields": {
    "url": "http://www.lanacion.cl/noticias/economia/gobierno/bachelet-anuncia-solucion-para-27-mil-agricultores-deudores-de-indap/2014-04-10/124158.html", 
    "date": "2014-04-10", 
    "display_name": "La Naci\u00f3n", 
    "promise": 105
  }
},
{
  "pk": 44, 
  "model": "promises.informationsource", 
  "fields": {
    "url": "http://www.cooperativa.cl/noticias/pais/presidenta-bachelet/presidenta-bachelet-presento-a-perdonazoa-a-27-mil-agricultores-deudores-de-indap/2014-04-10/112810.html", 
    "date": "2014-04-10", 
    "display_name": "Cooperativa", 
    "promise": 105
  }
},
{
  "pk": 45, 
  "model": "promises.informationsource", 
  "fields": {
    "url": "http://www.adnradio.cl/noticias/nacional/presidenta-firmo-proyecto-de-ley-que-crea-el-ministerio-de-la-mujer-y-equidad-de-genero/20140327/nota/2148743.aspx", 
    "date": "2014-03-27", 
    "display_name": "Radio ADN", 
    "promise": 98
  }
},
{
  "pk": 46, 
  "model": "promises.informationsource", 
  "fields": {
    "url": "http://diarioeldia.cl/articulo/social/apoyan-proyecto-crear-un-ministerio-dedicado-mujer", 
    "date": "2014-04-03", 
    "display_name": "Diario El D\u00eda", 
    "promise": 98
  }
},
{
  "pk": 47, 
  "model": "promises.informationsource", 
  "fields": {
    "url": "http://www.elmostrador.cl/ahora/2014/03/18/presidenta-bachelet-y-ministra-riffo-lanzan-programa-de-escuelas-deportivas/", 
    "date": "2014-03-18", 
    "display_name": "El Mostrador", 
    "promise": 97
  }
},
{
  "pk": 48, 
  "model": "promises.informationsource", 
  "fields": {
    "url": "http://www.latercera.com/noticia/nacional/2014/04/680-575050-9-sernam-anuncia-24-nuevas-casas-de-acogida-para-mujeres-victimas-de-violencia.shtml", 
    "date": "2014-04-22", 
    "display_name": "La Tercera", 
    "promise": 99
  }
},
{
  "pk": 49, 
  "model": "promises.informationsource", 
  "fields": {
    "url": "http://www.cronicalibre.cl/2014/04/23/en-puerto-montt-presidenta-bachelet-anuncio-casa-de-acogida-para-mujeres-victimas-de-violencia/", 
    "date": "2014-04-23", 
    "display_name": "Cr\u00f3nica Libre", 
    "promise": 99
  }
},
{
  "pk": 50, 
  "model": "promises.informationsource", 
  "fields": {
    "url": "http://www.elmostrador.cl/pais/2014/03/28/presidenta-nombra-a-delegado-para-enfrentar-escasez-de-recursos-hidricos/", 
    "date": "2014-03-28", 
    "display_name": "El Mostrador", 
    "promise": 106
  }
},
{
  "pk": 51, 
  "model": "promises.informationsource", 
  "fields": {
    "url": "http://www.ucvradio.cl/bsite/2014/04/01/comision-nacional-de-riego-recibe-a-delegado-presidencial-para-los-recursos-hidricos/", 
    "date": "2014-04-01", 
    "display_name": "UCV Radio", 
    "promise": 106
  }
},
{
  "pk": 52, 
  "model": "promises.informationsource", 
  "fields": {
    "url": "http://www.publimetro.cl/nota/cronica/delegado-presidencial-de-recursos-hidricos-visita-embalse-beneficiado-por-ley-de-fomento-al-riego/CPIndo!Ghc8sVpcBZ1Z6wuPWHvVcA/", 
    "date": "2014-04-15", 
    "display_name": "Publimetro", 
    "promise": 106
  }
},
{
  "pk": 53, 
  "model": "promises.informationsource", 
  "fields": {
    "url": "http://www.elmostrador.cl/pais/2014/03/28/presidenta-nombra-a-delegado-para-enfrentar-escasez-de-recursos-hidricos/", 
    "date": "2014-03-28", 
    "display_name": "El Mostrador", 
    "promise": 106
  }
},
{
  "pk": 54, 
  "model": "promises.informationsource", 
  "fields": {
    "url": "http://www.ucvradio.cl/bsite/2014/04/01/comision-nacional-de-riego-recibe-a-delegado-presidencial-para-los-recursos-hidricos/", 
    "date": "2014-04-01", 
    "display_name": "UCV Radio", 
    "promise": 106
  }
},
{
  "pk": 55, 
  "model": "promises.informationsource", 
  "fields": {
    "url": "http://www.publimetro.cl/nota/cronica/delegado-presidencial-de-recursos-hidricos-visita-embalse-beneficiado-por-ley-de-fomento-al-riego/CPIndo!Ghc8sVpcBZ1Z6wuPWHvVcA/", 
    "date": "2014-04-15", 
    "display_name": "Publimetro", 
    "promise": 106
  }
},
{
  "pk": 56, 
  "model": "promises.informationsource", 
  "fields": {
    "url": "http://www.estrategia.cl/detalle_noticia.php?cod=94891", 
    "date": "2014-04-10", 
    "display_name": "Estrategia", 
    "promise": 107
  }
},
{
  "pk": 57, 
  "model": "promises.informationsource", 
  "fields": {
    "url": "http://www.lanacion.cl/noticias/pais/gobierno/bachelet-anuncia-duplicacion-de-recursos-del-fondo-de-fomento-para-pesca-artesanal/2014-04-11/161740.html", 
    "date": "2014-04-11", 
    "display_name": "La Naci\u00f3n", 
    "promise": 107
  }
},
{
  "pk": 58, 
  "model": "promises.informationsource", 
  "fields": {
    "url": "http://www.biobiochile.cl/2013/02/05/claudia-pailalef-la-creacion-del-consejo-de-pueblos-indigenas-no-resolvera-de-fondo-de-la-demanda.shtml", 
    "date": "2013-02-05", 
    "display_name": "Radio Bio Bio", 
    "promise": 103
  }
},
{
  "pk": 59, 
  "model": "promises.informationsource", 
  "fields": {
    "url": "http://www.economiaynegocios.cl/noticias/noticias.asp?id=118356", 
    "date": "2014-03-30", 
    "display_name": "Econom\u00eda y Negocios", 
    "promise": 111
  }
},
{
  "pk": 60, 
  "model": "promises.informationsource", 
  "fields": {
    "url": "http://www.24horas.cl/economia/gobierno-lanza-web-con-datos-y-la-reforma-tributaria-completa-1172007", 
    "date": "2014-04-09", 
    "display_name": "24 Horas", 
    "promise": 111
  }
},
{
  "pk": 61, 
  "model": "promises.informationsource", 
  "fields": {
    "url": "http://www.13.cl/t13/nacional/comision-de-hacienda-de-la-camara-aprueba-idea-de-legislar-sobre-proyecto-de-reforma-tr", 
    "date": "2014-04-15", 
    "display_name": "t13", 
    "promise": 111
  }
},
{
  "pk": 62, 
  "model": "promises.informationsource", 
  "fields": {
    "url": "http://www.13.cl/t13/nacional/conoce-los-tres-pasos-clave-para-entender-la-ruta-que-sigue-la-reforma-tributaria-en-el", 
    "date": "2014-04-16", 
    "display_name": "t13", 
    "promise": 111
  }
},
{
  "pk": 63, 
  "model": "promises.informationsource", 
  "fields": {
    "url": "http://eltipografo.cl/2014/04/autoridad-de-salud-compromete-gestion-de-un-servicio-de-alta-resolucion-en-sector-oriente/", 
    "date": "2014-04-05", 
    "display_name": "El Tip\u00f3grafo", 
    "promise": 61
  }
},
{
  "pk": 64, 
  "model": "promises.informationsource", 
  "fields": {
    "url": "http://www.radiopolar.com/noticia_88184.html", 
    "date": "2014-04-21", 
    "display_name": "Radio Polar", 
    "promise": 100
  }
},
{
  "pk": 65, 
  "model": "promises.informationsource", 
  "fields": {
    "url": "http://www.edicionesespeciales.elmercurio.com/hoy/detalle/index.asp?idnoticia=201403311550222&idcuerpo=1051", 
    "date": "2014-03-31", 
    "display_name": "Ediciones especiales El Mercurio", 
    "promise": 100
  }
},
{
  "pk": 66, 
  "model": "promises.informationsource", 
  "fields": {
    "url": "http://www.elmercurio.com/blogs/2014/04/04/20781/De-Conadi-a-Ministerio-Indigena.aspx", 
    "date": "2014-04-04", 
    "display_name": "El Mercurio", 
    "promise": 102
  }
},
{
  "pk": 67, 
  "model": "promises.informationsource", 
  "fields": {
    "url": "http://spanish.peopledaily.com.cn/31617/8563240.html", 
    "date": "2014-03-11", 
    "display_name": "People's Daily", 
    "promise": 104
  }
},
{
  "pk": 68, 
  "model": "promises.informationsource", 
  "fields": {
    "url": "http://economia.terra.cl/avanzan-en-agenda-de-productividad-innovacion-y-crecimiento,a8f6b017e01e4410VgnVCM20000099cceb0aRCRD.html", 
    "date": "2014-03-20", 
    "display_name": "Terra Chile", 
    "promise": 108
  }
},
{
  "pk": 69, 
  "model": "promises.informationsource", 
  "fields": {
    "url": "http://www.estrategia.cl/detalle_noticia.php?cod=95591", 
    "date": "2014-04-28", 
    "display_name": "Estrategia", 
    "promise": 108
  }
},
{
  "pk": 70, 
  "model": "promises.informationsource", 
  "fields": {
    "url": "http://www.eldinamo.cl/2014/04/01/sigue-el-dialogoministro-de-energia-se-reunio-con-gremios-de-generadoras-y-electricas/", 
    "date": "2014-04-01", 
    "display_name": "El Dinamo", 
    "promise": 109
  }
},
{
  "pk": 71, 
  "model": "promises.informationsource", 
  "fields": {
    "url": "http://www.lanacion.cl/bachelet-plantea-fortalecer-al-sernac-en-reunion-con-conadecus/noticias/2013-05-31/172744.html", 
    "date": "2013-05-31", 
    "display_name": "La Naci\u00f3n", 
    "promise": 110
  }
},
{
  "pk": 72, 
  "model": "promises.informationsource", 
  "fields": {
    "url": "http://www.latercera.com/noticia/negocios/2014/03/655-571830-9-ministro-de-economia-el-estado-tiene-que-jugar-un-rol-clave-en-nuestro.shtml", 
    "date": "2014-03-30", 
    "display_name": "La Tercera", 
    "promise": 110
  }
},
{
  "pk": 73, 
  "model": "promises.informationsource", 
  "fields": {
    "url": "http://www.biobiochile.cl/2014/04/28/bachelet-presenta-bono-de-invierno-que-beneficiara-a-mas-de-1-millon-de-adultos-mayores.shtml", 
    "date": "2014-04-28", 
    "display_name": "Radio Bio Bio", 
    "promise": 71
  }
},
{
  "pk": 74, 
  "model": "promises.informationsource", 
  "fields": {
    "url": "http://economia.terra.cl/titular-de-comision-de-pensiones-hara-ronda-de-audiencias,bd9a33e583fa5410VgnVCM20000099cceb0aRCRD.html", 
    "date": "2014-04-29", 
    "display_name": "Terra Chile", 
    "promise": 73
  }
},
{
  "pk": 75, 
  "model": "promises.informationsource", 
  "fields": {
    "url": "http://www.latercera.com/noticia/nacional/2014/05/680-576340-9-bachelet-anuncia-los-planes-de-descontaminacion-atmosferica-para-los-proximos.shtml", 
    "date": "2014-05-02", 
    "display_name": "La Tercera", 
    "promise": 92
  }
},
{
  "pk": 76, 
  "model": "promises.informationsource", 
  "fields": {
    "url": "http://www.13.cl/t13/nacional/bachelet-firma-proyecto-de-ley-para-aumentar-en-1200-nuevos-efectivos-la-dotacion-de-la", 
    "date": "2014-05-07", 
    "display_name": "Canal 13", 
    "promise": 77
  }
},
{
  "pk": 77, 
  "model": "promises.informationsource", 
  "fields": {
    "url": "http://www.latercera.com/noticia/nacional/2014/05/680-577187-9-bachelet-anuncia-estudios-de-factibilidad-para-extension-de-la-linea-2-y-3-del.shtml", 
    "date": "2014-05-08", 
    "display_name": "La Tercera", 
    "promise": 88
  }
},
{
  "pk": 78, 
  "model": "promises.informationsource", 
  "fields": {
    "url": "http://www.publimetro.cl/nota/cronica/presidenta-bachelet-anuncia-programas-de-capacitacion-laboral-para-300-mil-mujeres-y-150-mil-jovenes/CPInei!M2n2UZqUjtl8QyEe0h1FrQ/", 
    "date": "2014-05-09", 
    "display_name": "Publimetro", 
    "promise": 75
  }
},
{
  "pk": 79, 
  "model": "promises.informationsource", 
  "fields": {
    "url": "http://www.publimetro.cl/nota/cronica/presidenta-bachelet-anuncia-programas-de-capacitacion-laboral-para-300-mil-mujeres-y-150-mil-jovenes/CPInei!M2n2UZqUjtl8QyEe0h1FrQ/", 
    "date": "2014-05-09", 
    "display_name": "Publimetro", 
    "promise": 76
  }
},
{
  "pk": 80, 
  "model": "promises.informationsource", 
  "fields": {
    "url": "http://www.lanacion.cl/noticias/pais/transportes/metro-a-san-bernardo-y-quilicura-bachelet-anuncia-inicio-de-estudios/2014-05-08/121111.html", 
    "date": "2014-05-08", 
    "display_name": "La Naci\u00f3n", 
    "promise": 89
  }
},
{
  "pk": 81, 
  "model": "promises.informationsource", 
  "fields": {
    "url": "http://www.24horas.cl/nacional/bachelet-anuncia-15-nuevos-centros-para-adultos-mayores-1227995", 
    "date": "2014-05-13", 
    "display_name": "24 Horas", 
    "promise": 69
  }
},
{
  "pk": 82, 
  "model": "promises.informationsource", 
  "fields": {
    "url": "http://noticias.terra.cl/nacional/ministro-supervisa-en-terreno-proyectos-para-potenciar-el-transporte-publico-en-la-region-del-biobio,b9292e939b155410VgnCLD2000000ec6eb0aRCRD.html", 
    "date": "2014-04-11", 
    "display_name": "Terra Chile", 
    "promise": 82
  }
},
{
  "pk": 83, 
  "model": "promises.informationsource", 
  "fields": {
    "url": "http://www.lanacion.cl/noticias/regiones/antofagasta/bachelet-anuncia-estudios-para-el-transporte-publico-en-antofagasta-valparaiso-y-concepcion/2014-05-14/174159.html", 
    "date": "2014-05-14", 
    "display_name": "La Naci\u00f3n", 
    "promise": 82
  }
},
{
  "pk": 84, 
  "model": "promises.informationsource", 
  "fields": {
    "url": "http://www.latercera.com/noticia/negocios/2014/05/655-578201-9-presidenta-bachelet-da-a-conocer-medidas-de-la-agenda-energetica.shtml", 
    "date": "2014-05-15", 
    "display_name": "La Tercera", 
    "promise": 109
  }
},
{
  "pk": 85, 
  "model": "promises.informationsource", 
  "fields": {
    "url": "http://www.latercera.com/noticia/negocios/2014/05/655-578365-9-presidenta-bachelet-anuncia-agenda-de-productividad-innovacion-y-crecimiento.shtml", 
    "date": "2014-05-16", 
    "display_name": "La Tercera", 
    "promise": 108
  }
},
{
  "pk": 86, 
  "model": "promises.informationsource", 
  "fields": {
    "url": "http://www.biobiochile.cl/2014/05/16/presidenta-bachelet-presenta-programa-de-salud-bucal-para-mujeres-mas-sonrisas-para-chile.shtml", 
    "date": "2014-05-16", 
    "display_name": "Radio Bio Bio", 
    "promise": 100
  }
},
{
  "pk": 87, 
  "model": "promises.informationsource", 
  "fields": {
    "url": "http://radiopolar.com/noticia_89286.html", 
    "date": "2014-05-18", 
    "display_name": "Radio Polar", 
    "promise": 83
  }
},
{
  "pk": 88, 
  "model": "promises.informationsource", 
  "fields": {
    "url": "http://diarioeldia.cl/articulo/economia/ministerio-vivienda-planea-concretar-ambicioso-plan-desarrollo-region", 
    "date": "2014-03-31", 
    "display_name": "Diario El D\u00eda", 
    "promise": 87
  }
},
{
  "pk": 89, 
  "model": "promises.informationsource", 
  "fields": {
    "url": "http://radiopolar.com/noticia_89286.html", 
    "date": "2014-05-18", 
    "display_name": "Radio Polar", 
    "promise": 87
  }
},
{
  "pk": 90, 
  "model": "promises.informationsource", 
  "fields": {
    "url": "http://www.latercera.com/noticia/nacional/2014/05/680-578738-9-bachelet-presenta-primeros-proyectos-de-educacion-que-el-debate-sea-con-altura.shtml", 
    "date": "2014-05-19", 
    "display_name": "La Tercera", 
    "promise": 56
  }
},
{
  "pk": 91, 
  "model": "promises.informationsource", 
  "fields": {
    "url": "http://www.prensapresidencia.cl/", 
    "date": "2014-05-23", 
    "display_name": "Prensa Presidencia", 
    "promise": 94
  }
},
{
  "pk": 92, 
  "model": "promises.informationsource", 
  "fields": {
    "url": "http://www.elmostrador.cl/2014/21/05/bachelet-anuncia-la-ley-ricarte-soto-que-crea-un-fondo-especial-de-medicamentos-de-alto-costo/", 
    "date": "2014-05-21", 
    "display_name": "El Mostrador", 
    "promise": 62
  }
},
{
  "pk": 93, 
  "model": "promises.informationsource", 
  "fields": {
    "url": "http://web.minsal.cl/node/1202", 
    "date": "2014-05-21", 
    "display_name": "Ministerio de Salud", 
    "promise": 63
  }
},
{
  "pk": 94, 
  "model": "promises.informationsource", 
  "fields": {
    "url": "http://www.emol.com/noticias/nacional/2014/05/25/661929/presidenta-bachelet-presenta-programa-de-revitalizacion-de-barrios.html", 
    "date": "2014-05-25", 
    "display_name": "Emol", 
    "promise": 95
  }
},
{
  "pk": 95, 
  "model": "promises.informationsource", 
  "fields": {
    "url": "http://www.elobservatodo.cl/noticia/economia/dan-conocer-lineamientos-generales-de-la-ficha-de-proteccion-social", 
    "date": "2014-05-22", 
    "display_name": "El Observatodo", 
    "promise": 67
  }
},
{
  "pk": 96, 
  "model": "promises.informationsource", 
  "fields": {
    "url": "http://www.biobiochile.cl/2014/05/27/presidenta-bachelet-lanzara-plan-de-desarrollo-para-territorios-rezagados.shtml", 
    "date": "2014-05-27", 
    "display_name": "Radio Bio Bio", 
    "promise": 81
  }
},
{
  "pk": 97, 
  "model": "promises.informationsource", 
  "fields": {
    "url": "http://www.latercera.com/noticia/nacional/2014/05/680-580047-9-bachelet-anuncia-habilitacion-de-132-servicios-de-atencion-primaria-de-alta.shtml", 
    "date": "2014-05-28", 
    "display_name": "La Tercera", 
    "promise": 61
  }
},
{
  "pk": 98, 
  "model": "promises.informationsource", 
  "fields": {
    "url": "http://www.biobiochile.cl/2014/05/29/bachelet-presento-programa-de-apoyo-a-alumnos-vulnerables-para-ingresar-a-educacion-superior.shtml", 
    "date": "2014-05-29", 
    "display_name": "Radio Bio Bio", 
    "promise": 58
  }
},
{
  "pk": 99, 
  "model": "promises.informationsource", 
  "fields": {
    "url": "http://www.latercera.com/noticia/negocios/2014/06/655-580713-9-presidenta-bachelet-firmo-proyecto-de-fortalece-el-sernac-y-las-asociaciones-de.shtml", 
    "date": "2014-06-02", 
    "display_name": "La Tercera", 
    "promise": 110
  }
},
{
  "pk": 57, 
  "model": "promises.fulfillment", 
  "fields": {
    "percentage": 50, 
    "promise": 56, 
    "notes": "27/10/13: Michelle Bachelet presenta su programa de gobierno poniendo \u00e9nfasis en una gran reforma para la educaci\u00f3n.\n11/03/14: Presidenta Bachelet, en su primer discurso, reafirma compromiso con la reforma a la educaci\u00f3n, de calidad y gratuita.\n19/03/14: Ministro se re\u00fane por primera vez con comisi\u00f3n de educaci\u00f3n de la c\u00e1mara.\n20/03/14: Ministro de Educaci\u00f3n sostiene reuni\u00f3n con rectores del Consorsio de Universidades Estatales de Chile (Cuech).\n20/03/14: Alcaldes de la Asociaci\u00f3n Chilena de Municipalidades para tratar tema de desmunicipalizaci\u00f3n.\n27/03/14: Primera reuni\u00f3n del Cruch con el Ministro Eyzaguirre.\n31/03/14: Reforma tributaria enviada al congreso servir\u00e1 para realizar, entre otras cosas, la reforma educacional.\n07/04/14: Ministro de Educaci\u00f3n se re\u00fane con la Cones por reforma educacional.\n10/04/14: Reuni\u00f3n entre el Ministerio de Educaci\u00f3n y la Confech.\n16/04/14: Ministro Eyzaguirre expone ante comisi\u00f3n de educaci\u00f3n por reforma educacional.\n19/05/14: Presidenta Bachelet anuncia proyectos de reforma a la educaci\u00f3n: Fin al lucro, fin de copago y selecci\u00f3n."
  }
},
{
  "pk": 58, 
  "model": "promises.fulfillment", 
  "fields": {
    "percentage": 0, 
    "promise": 57, 
    "notes": "Listado de localidades donde se implementar\u00e1n las primeras 500 salas de un total de 4.500 salas cunas."
  }
},
{
  "pk": 59, 
  "model": "promises.fulfillment", 
  "fields": {
    "percentage": 0, 
    "promise": 58, 
    "notes": "07/10/13: Programa de ingreso a educaci\u00f3n superior de j\u00f3venes vulnerables aparece en las primeras medidas para los primeros meses de Gobierno de Bachelet.\n29/05/14: Presidenta anunci\u00f3 el plan de apoyo y acompa\u00f1amiento a la educaci\u00f3n superior, que tiene por meta abarcar, al 2017, la totalidad colegios vulnerables."
  }
},
{
  "pk": 60, 
  "model": "promises.fulfillment", 
  "fields": {
    "percentage": 0, 
    "promise": 59, 
    "notes": ""
  }
},
{
  "pk": 61, 
  "model": "promises.fulfillment", 
  "fields": {
    "percentage": 0, 
    "promise": 60, 
    "notes": ""
  }
},
{
  "pk": 62, 
  "model": "promises.fulfillment", 
  "fields": {
    "percentage": 0, 
    "promise": 61, 
    "notes": "7/10/2013: Bachelet anuncia 50 medidas para primeros 100 d\u00edas de Gobierno.\n28/05/2014: Bachelet anuncia habilitaci\u00f3n de 132 SAR."
  }
},
{
  "pk": 63, 
  "model": "promises.fulfillment", 
  "fields": {
    "percentage": 0, 
    "promise": 62, 
    "notes": "4/5/13: Marca de los enfermos, \u201cpiden la creaci\u00f3n de un Fondo Nacional de Medicamentos.\u201d\n23/9/13: Ministro de Salud (Ma\u00f1alich) explic\u00f3 propuesta del Fondo Nacional de Medicamentos tras muerte de R. Soto\n14/01/14: Familia de Ricarte denuncia retraso en ley de medicamentos, el proyecto no ha sido enviado al congreso. \n21/05/14: Durante la cuenta p\u00fablica, Bachelet dio por cumplida la creaci\u00f3n del Fondo Nacional de Medicamentos."
  }
},
{
  "pk": 64, 
  "model": "promises.fulfillment", 
  "fields": {
    "percentage": 0, 
    "promise": 63, 
    "notes": "7/10/13: Bachelet promete env\u00edo de proyecto de Ley AFP estatal y otras medidas en el \u00e1rea de salud.\n21/05/14: Durante la cuenta p\u00fablica, Bachelet indic\u00f3 que se destinaron los recursos para el aumento de horas m\u00e9dicas semanales en el sistema p\u00fablico."
  }
},
{
  "pk": 65, 
  "model": "promises.fulfillment", 
  "fields": {
    "percentage": 0, 
    "promise": 64, 
    "notes": ""
  }
},
{
  "pk": 66, 
  "model": "promises.fulfillment", 
  "fields": {
    "percentage": 0, 
    "promise": 65, 
    "notes": "10/04/14: Ministra de Salud  adelanta que se enviar\u00e1n indicaciones a Ley de Isapres v\u00eda comisi\u00f3n de expertos.\n14/04/14: Se crea la Comisi\u00f3n Asesora Presidencial para el Estudio y Propuesta de un Nuevo Modelo y Marco Jur\u00eddico para el Sistema Privado de Salud.\n"
  }
},
{
  "pk": 67, 
  "model": "promises.fulfillment", 
  "fields": {
    "percentage": 0, 
    "promise": 66, 
    "notes": "23/04/13: Anuncio de campa\u00f1a: Bachelet promete bono marzo permanente. \n05/11/13: Michelle Bachelet promete bono marzo permanente si llega a ser Presidenta\n12/03/14: Ingresa proyecto de ley, pasa a comisi\u00f3n de hacienda.\n13/03/14: C\u00e1mara de Diputados aprob\u00f3 por 101 votos a favor el Bono Marzo.\n20/03/14: Tr\u00e1mite finalizado en C\u00e1mara de Origen / C.Diputados.\n21/03/14: Presidenta Michelle Bachelet promulga Ley N\u00b0 20743 que concede Aporte Familiar Permanente de Marzo\n28/03/14: Comienza el pago del bono marzo.\n"
  }
},
{
  "pk": 68, 
  "model": "promises.fulfillment", 
  "fields": {
    "percentage": 0, 
    "promise": 67, 
    "notes": "06/12/14: Ficha de Protecci\u00f3n Social enfrenta a Matthei y Bachelet en debate ARCHI\n05/01/14: El ministro de Desarrollo Social, Bruno Baranda (Gobierno de Pi\u00f1era), anunci\u00f3 la postergaci\u00f3n de la implementaci\u00f3n de la nueva Ficha de Protecci\u00f3n Social (FPS). \n31/03/14: Anunci\u00f3 que se realizar\u00e1n cambios a la Ficha de Protecci\u00f3n Social, que devuelva los beneficios a quienes lo perdieron.\n15/04/14: Ministra de Desarrollo Social se reuni\u00f3n con la Asociaci\u00f3n Chilena de Municipalidades para ense\u00f1arle los cambios que tendr\u00e1 la Ficha de Protecci\u00f3n Social.\n21/05/14:  Bachelet anuncia el cumplimiento de la medida, al restablecer derechos sociales a quienes lo hab\u00edan perdido y el normal funcionamiento de la FPS."
  }
},
{
  "pk": 69, 
  "model": "promises.fulfillment", 
  "fields": {
    "percentage": 0, 
    "promise": 68, 
    "notes": "12/03/14: Ingresa proyecto de ley, pasa a comisi\u00f3n de hacienda. (El proyecto de ley \u201cConcede aporte familiar permanente de marzo y ajusta norma que indica\u201d m\u00e1s conocido como \u201cBono Marzo\u201d, incluye en los cambios que propone a la ley, la inclusi\u00f3n del bono invierno).\n13/03/14: C\u00e1mara de Diputados aprob\u00f3 por 101 votos a favor \n20/03/14: Tr\u00e1mite finalizado en C\u00e1mara de Origen / C.Diputados.\n28/03/14: Comienza el pago del bono marzo."
  }
},
{
  "pk": 70, 
  "model": "promises.fulfillment", 
  "fields": {
    "percentage": 0, 
    "promise": 69, 
    "notes": "7/10/2013: Bachelet lanza 50 medidas para primeros 100 d\u00edas de gobierno donde incluye medida en favor de adultos mayores.\n13/05/14: Presidenta anuncia 15 centros para adultos mayores."
  }
},
{
  "pk": 71, 
  "model": "promises.fulfillment", 
  "fields": {
    "percentage": 0, 
    "promise": 70, 
    "notes": "14/03/14: Michelle Bachelet firma decreto que crea el Consejo Nacional de la Infancia.\n28/03/14: La directora del Sename sostiene reuni\u00f3n conjunta con Ministro de Justicia y la Secretaria de la infancia.\n10/04/14: Secretaria Ejecutiva del Consejo Nacional de la Infancia se presenta ante comisi\u00f3n de educaci\u00f3n de la C\u00e1mara de Diputados."
  }
},
{
  "pk": 72, 
  "model": "promises.fulfillment", 
  "fields": {
    "percentage": 0, 
    "promise": 71, 
    "notes": "07/10/14: Bachelet anuncia 50 medidas para primeros 100 d\u00edas de gobierno.\n01/04/14: Ministra Javiera Blanco se reune con la CPC para exponer agenda laboral del gobierno.\n28/04/14: Bachelet cumple restituci\u00f3n de la pensi\u00f3n b\u00e1sica solidaria a aquellos que la hab\u00edan perdido."
  }
},
{
  "pk": 73, 
  "model": "promises.fulfillment", 
  "fields": {
    "percentage": 0, 
    "promise": 72, 
    "notes": "13/03/14: Ministra del Trabajo confirma env\u00edo de proyecto para crear una AFP estatal.\n22/04/14: Presidenta Bachelet ratifica compromiso de crear una AFP estatal"
  }
},
{
  "pk": 74, 
  "model": "promises.fulfillment", 
  "fields": {
    "percentage": 0, 
    "promise": 73, 
    "notes": "07/10/13: Bachelet anuncia 50 medidas para primeros 100 d\u00edas de gobierno. \n10/04/14: Se definen fechas y plazos para lanzar comisi\u00f3n sobre pensiones.\n29/04/14: Bachelet firma decreto que crea Comisi\u00f3n Asesora Presidencial sobre el Sistema de Pensiones, con David Bravo a la cabeza."
  }
},
{
  "pk": 75, 
  "model": "promises.fulfillment", 
  "fields": {
    "percentage": 0, 
    "promise": 74, 
    "notes": "14/4/14: Desisten de la idea de enviar al congreso proyecto del multirut, entre otras cosas, por el el incendio de Valpara\u00edso.\n21/04/14: Bachelet firma indicaciones sustantivas para mejorar el multirut, dando cumplida otra medida para los primeros 100 d\u00edas de Gobierno."
  }
},
{
  "pk": 76, 
  "model": "promises.fulfillment", 
  "fields": {
    "percentage": 0, 
    "promise": 75, 
    "notes": "07/10/13: Bachelet anuncia 50 medidas para primeros 100 d\u00edas de Gobierno.\n09/05/14: Presidenta anuncia programa  de capacitaci\u00f3n que beneficiar\u00e1 a 300 mil mujeres."
  }
},
{
  "pk": 77, 
  "model": "promises.fulfillment", 
  "fields": {
    "percentage": 0, 
    "promise": 76, 
    "notes": "07/10/13: Bachelet anuncia 50 medidas para primeros 100 d\u00edas de Gobierno.\n09/05/14: Presidenta anuncia programa  de capacitaci\u00f3n que beneficiar\u00e1 a  150 mil j\u00f3venes."
  }
},
{
  "pk": 78, 
  "model": "promises.fulfillment", 
  "fields": {
    "percentage": 0, 
    "promise": 77, 
    "notes": "07/10/13: Entre las 50 medidas se encuentra el aumento de la dotaci\u00f3n de carabineros y policia de investigaciones. \n24/09/13: Bachelet reafirm\u00f3 compromiso con l combate a a la delincuencia y aumento de plaza de carabineros.\n25/04/14: Presidenta Bachelet firma decreto que env\u00eda proyecto de ley que aumenta plaza de carabineros.\n07/05/14: Bachelet firma proyecto de ley que aumenta dotaci\u00f3n de efectivos de la PDI"
  }
},
{
  "pk": 79, 
  "model": "promises.fulfillment", 
  "fields": {
    "percentage": 0, 
    "promise": 78, 
    "notes": "24/09/13: Bachelet presenta 20 medidas en tema de seguridad ciudadana.\n24/04/14: Bachelet cumple medida que suma nuevas comunas al plan 24 horas.\n"
  }
},
{
  "pk": 80, 
  "model": "promises.fulfillment", 
  "fields": {
    "percentage": 0, 
    "promise": 79, 
    "notes": "07/03/14: Bachelet presenta a miembros de la Comisi\u00f3n Asesora Presidencial para la Descentralizaci\u00f3n y el Desarrollo Regional.\n10/03/14: Comisi\u00f3n Asesora inicia su trabajo en conjunto con el Subsecretario de Desarrollo Regional y Administrativo, Ricado Cifuentes.\n"
  }
},
{
  "pk": 81, 
  "model": "promises.fulfillment", 
  "fields": {
    "percentage": 0, 
    "promise": 80, 
    "notes": "07/10/13: Entre las medidas lanzadas por Michelle Bachelet para sus primeros 100 d\u00edas de Gobierno, figura el Plan Especial de Desarrollo de Zonas Extremas.\n25/03/14: Se inicia la serie de di\u00e1logos participativos para la elaboraci\u00f3n del Plan Especial de Desarrollo de Zonas extremas."
  }
},
{
  "pk": 82, 
  "model": "promises.fulfillment", 
  "fields": {
    "percentage": 0, 
    "promise": 81, 
    "notes": "07/10/13: Bachelet promete un Plan de Desarrollo para Territorios Rezagados para sus primeros 100 d\u00edas de Gobierno.\n07/04/14: Bachelet y Ministro Pe\u00f1ailillo firman decreto que crea Comisi\u00f3n Asesora para la Descentralizaci\u00f3n, paso previo para el Plan de Territorios Rezagados.\n27/05/14: Presidenta Bachelet lanza el plan de desarrollo para zonas rezagadas en la regi\u00f3n de Coquimbo."
  }
},
{
  "pk": 83, 
  "model": "promises.fulfillment", 
  "fields": {
    "percentage": 100, 
    "promise": 82, 
    "notes": "07/10/13: Entre las 50 medidas para los primeros 100 d\u00edas de gobierno de Bachelet se encuentran estudios para potenciar transporte p\u00fablico en Antofagasta, Concepci\u00f3n y Valpara\u00edso.\n09/04/14: Ministro de Transportes y Telecomunicaciones inicia visitas en terreno para impulsar estudio de conectividad.\n14/05/14: Bachelet anuncia estudios para transporte p\u00fablico de 3 regiones m\u00e1s congestionadas."
  }
},
{
  "pk": 84, 
  "model": "promises.fulfillment", 
  "fields": {
    "percentage": 0, 
    "promise": 83, 
    "notes": "07/10/14: Bachelet anuncia 50 medidas para sus primeros 100 d\u00edas de Gobierno.\n18/05/10: Mandatar\u00eda anunci\u00f3 los planes de construcci\u00f3n de parques y ciclov\u00edas."
  }
},
{
  "pk": 85, 
  "model": "promises.fulfillment", 
  "fields": {
    "percentage": 0, 
    "promise": 84, 
    "notes": "07/10/13: Michelle Bachelet lanza 50 medidas para los primeros 100 d\u00edas de gobierno. Incluye segunda parte de programa quiero mi barrio.\n16/04/14: Ministerio de Vivienda lanz\u00f3 en la Regi\u00f3n Metropolitana el concurso para los proximos cuatro a\u00f1os del programa quiero mi barrio.\n"
  }
},
{
  "pk": 86, 
  "model": "promises.fulfillment", 
  "fields": {
    "percentage": 0, 
    "promise": 85, 
    "notes": "07/10/13: Entre las primeras metas de Bachelet se encuentra la implementaci\u00f3n de un reglamento para el control reproductivo de mascotas.\n21/04/14: Comienzan los di\u00e1logos participativos sobre la tenencia responsable de mascotas."
  }
},
{
  "pk": 87, 
  "model": "promises.fulfillment", 
  "fields": {
    "percentage": 0, 
    "promise": 86, 
    "notes": ""
  }
},
{
  "pk": 88, 
  "model": "promises.fulfillment", 
  "fields": {
    "percentage": 0, 
    "promise": 87, 
    "notes": "07/10/13: Bachelet anuncia 50 medidas para sus primeros 100 d\u00edas Gobierno.\n18/05/14: Mandataria anunci\u00f3 los planes de construcci\u00f3n de parques y ciclov\u00edas."
  }
},
{
  "pk": 89, 
  "model": "promises.fulfillment", 
  "fields": {
    "percentage": 0, 
    "promise": 88, 
    "notes": "02/09/13: Bachelet compromete extensi\u00f3n de la L\u00ednea 3 del Metro hasta Quilicura.\n08/05/14: Presidenta anuncia estudios de factibilidad para extensi\u00f3n de Metro a Quilicura y San Bernardo.\n"
  }
},
{
  "pk": 90, 
  "model": "promises.fulfillment", 
  "fields": {
    "percentage": 0, 
    "promise": 89, 
    "notes": "07/10/13: Bachelet anuncia 50 medidas para primeros 100 d\u00edas.\n08/05/14: Bachelet anuncia inicios de estudios de desarrollo urbano y conectividad para zonas saturadas."
  }
},
{
  "pk": 91, 
  "model": "promises.fulfillment", 
  "fields": {
    "percentage": 0, 
    "promise": 90, 
    "notes": "19/03/14: Bachelet nombra a Paula Fortes como delegada presidencial para la reconstrucci\u00f3n."
  }
},
{
  "pk": 92, 
  "model": "promises.fulfillment", 
  "fields": {
    "percentage": 0, 
    "promise": 91, 
    "notes": "01/03/11: Ingresa proyecto de ley sobre Servicio de biodiversidad y \u00e1reas silvestres protegidas y el sistema nacional de \u00e1reas silvestres protegidas\n11/07/12: Senadores recibieron a la Ministra de Medio Ambiente para informarse sobre los avances de la Comisi\u00f3n T\u00e9cnica.\n21/04/14: Ministro Badenier fue invitado a la comisi\u00f3n de Medio Ambiente y Bienes Nacionales del Senado."
  }
},
{
  "pk": 93, 
  "model": "promises.fulfillment", 
  "fields": {
    "percentage": 0, 
    "promise": 92, 
    "notes": "07/10/13: Bachelet anuncia 50 medidas para primeros 100 d\u00edas de gobierno.\n02/05/14: Bachelet dio a conocer los Planes de Descontaminaci\u00f3n Atmosf\u00e9rica, estrategia 2014-2018."
  }
},
{
  "pk": 94, 
  "model": "promises.fulfillment", 
  "fields": {
    "percentage": 0, 
    "promise": 93, 
    "notes": "21/04/13: Pi\u00f1era anunci\u00f3 en su cuenta p\u00fablica del 21 de mayo: la creaci\u00f3n del Ministerio de la Cultura y el Patrimonio.\n04/09/13: Organizaciones ciudadanas y personalidades llaman a rechazar Ley que crea el Ministerio de Cultura\n03/10/13: Bachelet prometi\u00f3 un Ministerio de Cultura adecuado para las necesidades actuales del pa\u00eds.\n12/04/14: Ministra Berattini lanz\u00f3 iniciativa para incentivar la participaci\u00f3n ciudadana en la creaci\u00f3n del Ministerio de Cultura y Patrimonio\n"
  }
},
{
  "pk": 95, 
  "model": "promises.fulfillment", 
  "fields": {
    "percentage": 0, 
    "promise": 94, 
    "notes": "07/10/13: En el \u00e1rea de cultura, dentro de las 50 medidas para los primeros 100 d\u00edas de Gobierno de Bachelet, se contempla definir la ubicaci\u00f3n de centros de desarrollo art\u00edstico para j\u00f3venes.\n21/05/14: Presidenta resalta anuncio de Centros de desarrollo art\u00edstico en cuenta p\u00fablica.\n23/05/14: Presidenta Bachelet anuncia 15 nuevos centros de creaci\u00f3n y desarrollo art\u00edstico."
  }
},
{
  "pk": 96, 
  "model": "promises.fulfillment", 
  "fields": {
    "percentage": 0, 
    "promise": 95, 
    "notes": "22/11/13: Bachelet anuncia programa especial para conservaci\u00f3n del patrimonio.\n25/05/14: En el d\u00eda del patrimonio, Presidenta da a conocer programa de recuperaci\u00f3n regional de infraestructura patrimonial."
  }
},
{
  "pk": 97, 
  "model": "promises.fulfillment", 
  "fields": {
    "percentage": 0, 
    "promise": 96, 
    "notes": ""
  }
},
{
  "pk": 98, 
  "model": "promises.fulfillment", 
  "fields": {
    "percentage": 0, 
    "promise": 97, 
    "notes": "."
  }
},
{
  "pk": 99, 
  "model": "promises.fulfillment", 
  "fields": {
    "percentage": 0, 
    "promise": 98, 
    "notes": "09/08/13: La candidata de la Nueva Mayor\u00eda, Michelle Bachelet, prometi\u00f3 darle al Sernam el estatuto de Ministerio.\n23/11/13: Bachelet se re\u00fane con parlamentarias de la Nueva Mayoria y reafirma la creaci\u00f3n del Ministerio de la Mujer. \n27/03/14: Bachelet firma el proyecto de ley que crea el Ministerio de la Mujer y de la Equidad de G\u00e9nero.\n01/04/14: Ingresa proyecto de leya la c\u00e1mara de diputados. Pasa a Comisi\u00f3n de Gobierno Interior y Regionalizaci\u00f3n y a Comisi\u00f3n de Hacienda.\n08/04/14: Mensaje hace presente la urgencia Suma en su discusi\u00f3n.\n"
  }
},
{
  "pk": 100, 
  "model": "promises.fulfillment", 
  "fields": {
    "percentage": 0, 
    "promise": 99, 
    "notes": "07/10/14: Casas de Acogida para mujeres v\u00edctimas de violencia intrafamiliar entre las 50 medidas de Michelle Bachelet\n22/04/14: Presidenta Bachelet da a conocer comunas donde se instalar\u00e1n 24 nuevas Casas de Acogida."
  }
},
{
  "pk": 101, 
  "model": "promises.fulfillment", 
  "fields": {
    "percentage": 0, 
    "promise": 100, 
    "notes": "7/10/2013: Bachelet da a conocer 50 medidas para los primeros 100 d\u00edas de gobierno.\n16/05/14: Presidenta Bachelet, en compa\u00f1\u00eda de Ministra Pascual anuncia \u201cM\u00e4s Sonrisas para Chile\u201d"
  }
},
{
  "pk": 102, 
  "model": "promises.fulfillment", 
  "fields": {
    "percentage": 0, 
    "promise": 101, 
    "notes": "7/10/2013: Bachelet da a conocer 50 medidas para primeros 100 d\u00edas de gobierno."
  }
},
{
  "pk": 103, 
  "model": "promises.fulfillment", 
  "fields": {
    "percentage": 10, 
    "promise": 102, 
    "notes": "7/10/2013: Bachelet da a conocer 50 medidas para primeros 100 d\u00edas de gobierno."
  }
},
{
  "pk": 104, 
  "model": "promises.fulfillment", 
  "fields": {
    "percentage": 0, 
    "promise": 103, 
    "notes": "7/10/2013: Bachelet da a conocer 50 medidas para primeros 100 d\u00edas de gobierno."
  }
},
{
  "pk": 105, 
  "model": "promises.fulfillment", 
  "fields": {
    "percentage": 0, 
    "promise": 104, 
    "notes": "7/10/2013: Bachelet da a conocer 50 medidas para primeros 100 d\u00edas de gobierno."
  }
},
{
  "pk": 106, 
  "model": "promises.fulfillment", 
  "fields": {
    "percentage": 0, 
    "promise": 105, 
    "notes": "10/04/2014: Se otorgar una soluci\u00f3n definitiva a la deuda hist\u00f3rica de peque\u00f1os agricultores con el Instituto de Desarrollo Agropecuario (Indap). \n"
  }
},
{
  "pk": 107, 
  "model": "promises.fulfillment", 
  "fields": {
    "percentage": 0, 
    "promise": 106, 
    "notes": "28/3/14: Bachelet nombra al ex subsecretario de Agricultura, Reinaldo Ruiz, como Delegado Presidencial para los Recursos H\u00eddricos."
  }
},
{
  "pk": 108, 
  "model": "promises.fulfillment", 
  "fields": {
    "percentage": 0, 
    "promise": 107, 
    "notes": "Se duplicar\u00e1 el Fondo de Fomento para la Pesca Artesanal."
  }
},
{
  "pk": 109, 
  "model": "promises.fulfillment", 
  "fields": {
    "percentage": 0, 
    "promise": 108, 
    "notes": "7/10/13: Bachelet anuncia 50 medidas para los primeros 100 d\u00edas de Gobierno.\n25/03/13: En Abril ser\u00eda anunciada la Agenda de Productividad, Innovaci\u00f3n y Crecimiento Econ\u00f3mico.\n28/04/13: Agenda de Productividad, Innovaci\u00f3n y Crecimiento se anunciar\u00eda durante la primera quincena de Mayo.\n16/05/14: Bachelet anuncia Agenda de Productividad, Innovaci\u00f3n y Crecimiento Econ\u00f3mico."
  }
},
{
  "pk": 110, 
  "model": "promises.fulfillment", 
  "fields": {
    "percentage": 0, 
    "promise": 109, 
    "notes": "7/10/2013: Bachelet anuncia 50 medidas para los primeros 100 d\u00edas de Gobierno.\n15/05/14: Bacheet, junto al Ministro Pacheco dieron a conocer detalles la Agenda de Energ\u00eda."
  }
},
{
  "pk": 111, 
  "model": "promises.fulfillment", 
  "fields": {
    "percentage": 0, 
    "promise": 110, 
    "notes": "31/05/13: Bachelet se reune con Conadecus y plantea fortalecer al Sernac\n4/09/13: Presidente Pi\u00f1era anuncia fortalecimiento del Sernac.\n7/10/13: Bachelet anuncia 50 medidas para primeros 100 d\u00edas de Gobierno.\n30/03/14: Ministro de Econom\u00eda da a conocer postura de la cartera para este Gobierno.\n21/05/14: La presidenta Bachelet afirma que proyecto sobre el fortalecimiento del Sernac ser\u00e1 enviado en las pr\u00f3ximas semanas.\n02/06/14: Presidenta Bachelet firma proyecto de ley que fortalece el Sernac."
  }
},
{
  "pk": 112, 
  "model": "promises.fulfillment", 
  "fields": {
    "percentage": 0, 
    "promise": 111, 
    "notes": "27/10/13: Bachelet presenta programa de tres grandes ejes: Educaci\u00f3n, impuestos y nueva Constituci\u00f3n.\n4/11/13: Pi\u00f1era teme que pol\u00edticas anunciadas por Bachelet (reforma tributaria) sean un freno al crecimiento.\n31/3/14: Bachelet firm\u00f3 Proyecto de Ley de Reforma Tributaria.\n2/4/14: Ingreso de proyecto de ley, pasa a Comisi\u00f3n de Hacienda y entra con urgencia simple. \n8/4/14: Ministro de Hacienda da entrevistas televisadas explicando reforma tributaria. \n15/04/14: Comisi\u00f3n de Hacienda de la C\u00e1mara aprueba idea de legislar sobre proyecto de reforma tributaria."
  }
},
{
  "pk": 1, 
  "model": "promises_web.tagextracss", 
  "fields": {
    "classes": "prueba", 
    "tag": 6
  }
}
]
